-- phpMyAdmin SQL Dump
-- version 5.0.1
-- https://www.phpmyadmin.net/
--
-- 主机： 127.0.0.1
-- 生成日期： 2020-03-01 09:11:05
-- 服务器版本： 10.4.11-MariaDB
-- PHP 版本： 7.4.2

SET SQL_MODE = "NO_AUTO_VALUE_ON_ZERO";
SET AUTOCOMMIT = 0;
START TRANSACTION;
SET time_zone = "+00:00";


/*!40101 SET @OLD_CHARACTER_SET_CLIENT=@@CHARACTER_SET_CLIENT */;
/*!40101 SET @OLD_CHARACTER_SET_RESULTS=@@CHARACTER_SET_RESULTS */;
/*!40101 SET @OLD_COLLATION_CONNECTION=@@COLLATION_CONNECTION */;
/*!40101 SET NAMES utf8mb4 */;

--
-- 数据库： `blog`
--

-- --------------------------------------------------------

--
-- 表的结构 `bcontent`
--

CREATE TABLE `bcontent` (
  `id` int(10) UNSIGNED NOT NULL,
  `title` varchar(100) NOT NULL,
  `content` text NOT NULL,
  `author` varchar(40) NOT NULL,
  `image` varchar(100) NOT NULL,
  `time` int(11) NOT NULL,
  `cateid` int(11) NOT NULL DEFAULT 1,
  `status` tinyint(4) NOT NULL DEFAULT 1
) ENGINE=InnoDB DEFAULT CHARSET=utf8;

--
-- 转存表中的数据 `bcontent`
--

INSERT INTO `bcontent` (`id`, `title`, `content`, `author`, `image`, `time`, `cateid`, `status`) VALUES
(60, '2017载誉而来的联想集团今日在北京隆重召开', '<p>6月30日 从ISC 2017载誉而来的联想集团今日在北京隆重召开了以“智能超算”为主题的2017联想全球超算峰会。大会上,联想发布了自主研发的全新HPC集群——深腾8810,以及HPC+AI智能超算平台LiCO,开启人工智能时代企业应用新征程。来自国际国内的著名高性能计算研究与应用专家,以及1000名来自中国各应用与研究领域的高性能计算用户参与了此次盛会,共同分享高性能计算技术在AI时代的应用发展趋势。</p><p>&nbsp;</p><p>中科院院士陈润生教授,中科院计算所所长、中国计算机协会高性能计算专业委员会主任孙凝晖教授,中国科学院计算机网络信息中心副主任迟学斌,中国计算机协会高性能计算专业委员会秘书长、中科院计算所研究员张云泉和联想集团高级副总裁数据中心集团中国区总裁童夫尧等出席会议并讲话。</p><p>当前,人工智能成为市场的焦点。到2020年,全球AI市场规模将达到1190亿元,年复合增长率高达19.7%,而在中国,人工智能市场2020年市场规模将达到91亿元,年复合增长率更是高达50%。作为支持人工智能的三大基础之一,强大的计算力赋予了人工智能生命力,而HPC产品则是提供超强计算的绝佳平台。</p><p>全面布局AI 联想集结产品、人才和生态优势&nbsp;</p><p>作为中国第一、全球第二的HPC厂商,联想目前正加大人工智能的研发和应用,帮助客户借助人工智能的东风,做好业务的智慧化转型。</p><p>在产品上,深腾8810 HPC集群由联想自主研发,拥有多项HPC和AI的关键技术,包括46项国家发明专利。其搭载的全新HPC+AI智能超算平台LiCO,不仅强化了上一代LiCO的全部功能,更在HPC软硬件平台上整合支撑了各种深度学习应用,融合了主流的人工智能框架,比如谷歌的Tensorflow、脸书的Caffe、微软的MXNET等。另外,LiCO分布式的资源调度系统,可以帮助用户从容应对各种深度学习训练不断增长的计算需求,如:人脸识别、自然语言处理;其任务模板可以让不同类型的用户,如初学者、专家、数据科学家,都能够快速上手; 而LiCO端到端的解决方案包含数据预处理、训练、参数调整、过程监控、测试等,能让用户能够集中精力在AI算法和业务应用。</p><p><br/></p>', 'admin', '20170712152635_478.jpg', 1499844396, 1, 1),
(61, '专家组成的AI研发团队', '<p>在人才团队建设上,联想拥有一支由芮勇博士领衔的业界一流专家组成的AI研发团队。芮勇博士是2016 IEEE 计算机学会技术成就奖获得者,全球知名的AI专家,未来,他的团队将坚持以用户为中心,发展面向行业的人工智能系统。</p><p>在生态联盟方面,联想进一步加强与各领域合作伙伴的密切联系,打造HPC+AI的完整生态圈。除了在硬件层面继续加深与Intel、NVIDIA、Mellanox等厂商的合作,联想还在软件层面主动开放生态系统,吸引主流软件厂商例如Redhat加入联盟。同时,联想创投还不断发掘应用层面具有潜力的科技创新公司,投资了Face++、银河水滴科技等,以更快的速度抢占AI的制高点。另外,联想与科大讯飞、滴滴出行、今日头条等人工智能领先公司在系统与应用方面的深入紧密合作,也能帮助客户在语音、图像、视频、搜索、网络等方面取得几何数量级的应用性能提升。</p><p>深厚积淀+强劲实力 联想HPC发力本土实践与AI应用&nbsp;</p><p>作为中国起步较早的HPC厂商,联想在2001年即成立了高性能服务器事业部,开始了在HPC领域的探索。而在刚刚结束的ISC 2017上,联想以91套高性能计算系统入围全球HPC TOP500份额榜,连续三年获得中国第一,继续蝉联全球第二。</p><p>不仅是份额,联想的产品和技术也步入了世界先进行列,成为了HPC领域的佼佼者。联想的x86服务器产品的性能和品质在世界上首屈一指,物理机计算节点可靠性是竞争对手的十倍以上。值得一提的是,联想独创的45摄氏度温水水冷技术,相比传统的空气冷却,最高可降低40%的能耗,比其他厂商的水冷技术能耗也低了近20%。通过联想水冷能够使得数据中心的PUE值降低到1.1,这远低于1.8-2.0的业界平均水平,能帮助客户大大节省整体投资,提升AI计算的效能。目前,联想与全球最大的7个数据中心中的6个达成了合作,继续在HPC领域展露锋芒。上一个财年,联想以17%的增长率成为全球增速最快的HPC厂商。</p><p>与此同时,联想HPC在国内各行业的应用也逐年增加,为企业事业单位创造了丰硕的成果。在科研领域,联想为北京大学打造了中国首个45度温水水冷的超算中心,为中科院数学院提供的HPC集群计算力高达1000万亿次。在高端制造领域,联想为航天三院建设了总节点数1550个,计算能力超过600万亿次的HPC系统,为航天核心领域的研发起到了关键技术支撑。而使用了联想HPC的中石油地震资料处理系统,以120个节点满足了客户对超强计算力的需求。另外,联想是包括BAT在内的众多互联网企业的AI GPU服务器的主要供应商。在京东,联想优化GPU架构后的5000个计算节点,正在支持着其消费者购买习惯分析等算法,服务京东6000万客户。除此之外,中国三大电信运营商、中国石油、南方电网等公交能领域的巨头,以及众多大型金融机构以及中国主流互联网客户,都是联想HPC最直接的受益者。</p><p><br/></p>', 'admin', '20170712152736_883.jpg', 1499844457, 3, 1),
(62, ' Facebook推出个人转账业务', '<p>社交网络巨头Facebook公司日前首次推出个人对个人资金转账业务，用户可以利用其应用软件Messenger向好友转账。</p><p>　　Facebook宣称，用户可以在其Messenger上绑定Visa或万事达借记卡，免费向Facebook好友转账。这家硅谷公司将与PayPal和Square等支付服务供应商以及大银行展开竞争。在未来几个月中，Facebook美国用户可以通过一款新产品(看上去类似Paypal颇受欢迎的Venmo应用)，使用苹果和安卓设备以及台式电脑进行资金转账。</p><p>　　Facebook强调，这一产品启用了安全功能，包括密码以及iOS设备的指纹识别。此前，Venmo就因用户银行账户信息容易被盗而受到批评。“我们使用了多层软件和硬件保护，已达到最高行业标准。”Facebook在一篇博客中称，“这些支付系统处于安全环境中，与Facebook网络其他部分分离，并受到额外的监测和控制。反诈骗专家团队会监测可疑的购买行为帮助确保账户安全。”</p><p>　　Facebook是最新一家力图踏足金融业的科技公司，苹果去年推出了支付服务Apple Pay，谷歌也推出了谷歌钱包。</p><p><br/></p>', 'admin', '20170712152812_761.jpg', 1499844493, 2, 1),
(64, '金琴-中国人民大学信息学院教授', '<p>金琴-中国人民大学信息学院教授，在谈到高校和企业之间的合作以及双方各自所扮演的角色时，秦勇博士表示：“跟大学的合作，跟金琴教授的合作，延伸了我的触角，也就是说我的人手变多了，对我是很有帮助的一件事情。而且学校并不是快节奏的工作环境，很多学问的事情是要静下心来做的，我觉得有些工作只有老师跟研究生能帮到我们。从我的角度看与高校的合作就是对我的资源的延展、互补。”同样，对于校企合作，金琴女士也认为，企业能够帮助高校拓宽思路并将研究价值落地从而达到双方互利互赢的效果。与此同时，在合作中，企业也会把一些工作经验、企业文化等信息分享给高校的学生，使得学生能够获得丰富的技能和实战经验。</p><p>　　通过“大数据大学”更快速培养更多的数据科学人才</p><p>　　IBM早在2010年，就意识到大数据时代的到来，以开源为主的技术将层出不穷，但懂得这个技术并善于应用的人才却极度匮乏。事实上，有大量的专业人士也渴望去学习这些开源的技术。IBM认为通过大数据大学这个平台可以把开源的技术，通过慕课的方式快速地推向专业和非专业人士，他们可以通过自学的方式来获得这些开源技术，这既是一种市场的需求，也是职场发展跟时代发展的需求。于是，2011年IBM成立了“大数据大学”。一直以来，IBM以雄厚的技术积累为基础，引入强大的研发团队，并结合多层次成熟的高校合作模式与项目的优势，帮助中国高校推动“大数据平台”和“大数据分析”的面向行业产学研创新合作以及系统化知识体系建设和高价值人才培养。2016年，更是依托与上海交大慕课平台的合作将‘IBM大数据大学’引入中国，为更广大的高校学生提供高质量的大数据分析相关课程。</p><p><br/></p>', 'admin', '20170712153022_767.jpg', 1499844623, 2, 1),
(65, '“大数据大学”在进入中国市场以后，取得了非常好的发展', '<p>“大数据大学”在进入中国市场以后，取得了非常好的发展。谈及原因，Leon Katsnelson-IBM大数据与分析新技术中心首席技术官、IBM大数据大学项目全球总监认为有以下两点：一是基于IBM在中国过去22年以来，跟中国大学良好的合作关系和深厚合作的基础，让IBM快速地把“大数据大学”课程落地，受益于本地所有的专业技术人员以及学校的学生。二是现在中国已经成为第二大经济体，有一个庞大的市场，接下来人才的需求量一定也是最大的。Leon表示：“我相信我们的‘大数据大学’，之后更名为“认知学堂”，相信我们与中国大学合作部以及跟中国的学校有进一步深入的合作，一定能帮助中国经济实体的每一个专业人士， 特别是大数据与数据科学这个发展方向上的专业人士。</p>', 'admin', '20170712153133_887.jpg', 1499844694, 3, 1),
(66, '与慕课平台一起探索“互联网+教育”', '<p>　Leon Katsnelson-IBM大数据与分析新技术中心首席技术官、IBM大数据大学项目全球总监</p><p>　　与慕课平台一起探索“互联网+教育”</p><p>　　上海交通大学“好大学在线”是国内高教领域较为领先的几个平台之一。通过这个网上平台，把优质的教育资源和校内的教学、课堂相融合。这种模式，是利用了在线平台去弥补学校里面的教育资源不平衡的问题。来自上海交通大学慕课研究院副院长、慕课推进办公室主任蒋建伟向大家介绍道：“在师资层面，IBM和业界做的这些事，使得老师所缺的东西由企业来弥补，慕课不应该去替代老师，而应该去帮助老师，应该形成一种互补，不是抢老师的饭碗，而是去帮助老师把他所缺的资源给填上，把整个教学做得更好。在教学层面，教学资源和教学模式这两方面利用在线的方式进行了改变，这也是目前教育部在推崇的，并且也是我们在实践的。</p><p><br/></p><p>　　蒋建伟-上海交通大学慕课研究院副院长、慕课推进办公室主任</p><p><br/></p><p>　　周恩昌-IBM大学合作部教育合作项目总监</p><p>　　IBM期望能够在大中华区拥抱更多的资源以及合作伙伴，包括企业界、学术界，学校、院校等等。希望能够把认知学堂，通过成功的案例快速地复制到更多的学校里去。就像IBM大学合作部教育合作项目总监周恩昌提到的“用数字化教育方式，与好大学在线这样的慕课平台结合起来，把企业开发的微课程、技术课程能够快速地融入到学校里面，推动老师将线上、线下的方式相结合。这是IBM一直想去实现的。”</p><p>　　欢迎所有有合作意向的学校、企业、机构等等加入IBM共同打造人才培养的生态体系。</p><p><br/></p>', 'admin', '20170712153211_601.jpg', 1499844732, 2, 1),
(67, '与慕课平台一起探索“互联网+教育”', '<p>　Leon Katsnelson-IBM大数据与分析新技术中心首席技术官、IBM大数据大学项目全球总监</p><p>　　与慕课平台一起探索“互联网+教育”</p><p>　　上海交通大学“好大学在线”是国内高教领域较为领先的几个平台之一。通过这个网上平台，把优质的教育资源和校内的教学、课堂相融合。这种模式，是利用了在线平台去弥补学校里面的教育资源不平衡的问题。来自上海交通大学慕课研究院副院长、慕课推进办公室主任蒋建伟向大家介绍道：“在师资层面，IBM和业界做的这些事，使得老师所缺的东西由企业来弥补，慕课不应该去替代老师，而应该去帮助老师，应该形成一种互补，不是抢老师的饭碗，而是去帮助老师把他所缺的资源给填上，把整个教学做得更好。在教学层面，教学资源和教学模式这两方面利用在线的方式进行了改变，这也是目前教育部在推崇的，并且也是我们在实践的。</p><p><br/></p><p>　　蒋建伟-上海交通大学慕课研究院副院长、慕课推进办公室主任</p><p><br/></p><p>　　周恩昌-IBM大学合作部教育合作项目总监</p><p>　　IBM期望能够在大中华区拥抱更多的资源以及合作伙伴，包括企业界、学术界，学校、院校等等。希望能够把认知学堂，通过成功的案例快速地复制到更多的学校里去。就像IBM大学合作部教育合作项目总监周恩昌提到的“用数字化教育方式，与好大学在线这样的慕课平台结合起来，把企业开发的微课程、技术课程能够快速地融入到学校里面，推动老师将线上、线下的方式相结合。这是IBM一直想去实现的。”</p><p>　　欢迎所有有合作意向的学校、企业、机构等等加入IBM共同打造人才培养的生态体系。</p><p><br/></p>', 'admin', '20170712154142_920.jpg', 1499845303, 2, 1),
(68, '补全人类某方面的能力', '<p>编者按：“脑科技”被外界看作是可以和人类基因组测序相媲美的大科学项目。马克扎克伯格、Elon Musk 等硅谷大佬纷纷进入这一领域，希望通过技术来提高或补全人类某方面的能力，这预示着神经科学新时代的开始？还是脑科技泡沫的开始？</p><p>　　硅谷最具影响力的人物们都想要进入你的大脑。在过去的一年中，四位领袖级人物都已经宣布计划将小装置集成到大脑皮层的褶皱中，或者放置在头顶上，从外部读取你的想法。</p><p>　　这些硬件和应用程序各不相同，但都有着雄心勃勃的志向——可以说是大胆的事业。无论是研究通过医疗设备修复神经缺陷，还是通过消费级的产品来增强正常的脑力，这四位硅谷梦想家都表示有望在短短的几年内将产品推向市场。</p><p>　　神经工程师对 Elon Musk 和马克扎克伯格等人的高调的公告有着复杂的情绪。高级脑科学研究专家、哥伦比亚大学生物医学工程教授Paul Sajda表示：“当这些人物涉及到这件事时，这是令人兴奋的。”</p><p>　　但是Sajda怀疑这些富豪究竟是否清楚他们在做什么。 “典型的硅谷的态度是，如果你投入足够的钱，你就可以解决问题，”Sajda说。 他说，虽然这种方法可能适用于应用技术，但是不一定能解决基础科学问题，神经科学这门学科还有很多没有解决的问题。</p><p>　　日内Wyss瓦生物和神经工程中心主任John Donoghue在脑机界面（BCI）领域持续研究了数十年，他的团队的BrainGate系统让瘫痪的人们能够控制机器手臂和电脑光标。Donoghue表示他无法判断硅谷突然出现的BCI热潮最终对这一领域是有帮助还是有害。他表示：“一方面，设定一个真正有野心的目标，让人们感到兴奋，特别是它能够推动投资，这是有价值的。另一方面，他们可能设定了一个无法实现的虚假的期望，最终导致一场幻灭。”</p><p>　　以下四个企业可能预示着神经科学的新时代的开始——抑或是脑科技泡沫的开始。</p><p><br/></p>', 'admin', '20170712154214_848.jpg', 1499845335, 1, 1),
(69, '“金榜题名”系列教育电脑', '<p>此次联想金榜题名教育战略发布，将联想的专业技术优势与101网校的教育资源进行结合，通过在优质硬件上预装 “成才学院2.0”软件，打造出具有“一体化教育解决方案”的“金榜题名”教育电脑，无论身在何处，通过它，用户都能享有优质的教育资源以及贴心的服务。</p><p>　　联想集团高级副总裁、中国区总裁童夫尧表示：“推动教育信息化，社会各界力量都责无旁贷。作为PC行业的领导者，联想不仅打造安全、可靠、易用的PC产品，也一直在积极地践行企业社会责任。今年，我们针对中小学教育家庭用户，将推出‘金榜题名’教育电脑战略。”</p><p>　　活动现场展示的“成才学院2.0”教育软件，拥有可实施保护管理的“家长模式”，和简单安全的“学习模式”两大模块，助力孩子益智成才。家长模式中，家长通过视力保护、儿童防护、使用监控、远程操作等功能，可以为孩子过滤不良信息，有效保护视力，从多角度保障孩子健康学习和成长；在学习模式中，通过与权威在线教育平台101网校合作，整合了名校名师资源，覆盖全国200余个版本的中小学教材及练习，充分满足了中小学生网络学习的需求。此外还整合了外研社英语、爱奇艺精选少儿频道等丰富教育和娱乐资源，真正实现了寓教于乐。</p><p>　　本次亮相的联想“金榜题名”系列教育电脑，包括：联想家悦台式系列，ideacentre AIO 300一体机，ideacentre AIO 510致美一体机，ideacentre 610S投影电脑，YOGA Home 310S，以及ideapad 310S笔记本等多种形态的产品满足不同家庭的教育需求。“金榜题名”教育电脑还预装了价值749元的正版Office2016家庭和学生版，一次激活永久免费，让学生们可以绝对放心和安全的使用。在服务方面，联想“金榜题名”教育电脑提供了，价值199元的两年主要部件保修服务，和价值120元的一年主要部件上门服务，为用户的使用保驾护航。</p><p><br/></p>', 'xiaoliu', '20170712171122_894.jpg', 1499850683, 4, 1),
(70, '用户都能享有优质的教育资源以及贴心的服务', '<p>此次联想金榜题名教育战略发布，将联想的专业技术优势与101网校的教育资源进行结合，通过在优质硬件上预装 “成才学院2.0”软件，打造出具有“一体化教育解决方案”的“金榜题名”教育电脑，无论身在何处，通过它，用户都能享有优质的教育资源以及贴心的服务。</p><p>　　联想集团高级副总裁、中国区总裁童夫尧表示：“推动教育信息化，社会各界力量都责无旁贷。作为PC行业的领导者，联想不仅打造安全、可靠、易用的PC产品，也一直在积极地践行企业社会责任。今年，我们针对中小学教育家庭用户，将推出‘金榜题名’教育电脑战略。”</p><p><br/></p><p><br/></p>', 'xiaoli', '20170712171154_562.jpg', 1499850715, 1, 1),
(71, '先发一年4G网络已成熟稳定', '<p>　近期，中国联通和中国电信刚刚拿到FDD制式的4G牌照，成为了业内外人士关注的焦点。而截止2015年1月底，中国移动1.06797亿4G用户总数和70万个4G基站，也着实令人惊叹。那么问题来了，在联通和电信拉开架势大规模发展4G业务之际，已经取得用户规模和网络覆盖的双重领先的中国移动，会如何保持快人一步的优势?</p><p><br/></p><p>　　时间：先发一年4G网络已成熟稳定</p><p>　　早在2013年12月，工信部率先向三大运营商发放的是国家重点扶持的TD-LTE网络制式牌照，而中国移动作为TD-LTE产业的极大推动者，在4G商用时代伊始便获得了天时优势。如今，中国移动4G用户数占据了国内市场90%以上的份额，更是建成了全球最大的4G网络。</p><p>　　如果将运营商的4G竞争当作一场比赛，在比赛正式开始时之际，中国移动早已活动开筋骨进入状态，而对手才准备热身。不难看出，经过一年的发展，中国移动4G网络环境已愈加成熟和稳定，可以站在更高的阶梯上，将精力投入到更深更广的4G网络建设中，这也让中国移动在4G技术应用的战略决策上能快人一步。</p><p>　　技术：VoLTE、载波聚合等加速演进</p><p>　　4G元年已经过去，进入2015年的中国移动也并未满足于用户规模和网络覆盖的双重领先。</p><p>　　日前，在巴塞罗那举行的2015年GSMA世界移动通信大会上，中国移动向外界展示了其4G 演进技术的研发也在快速进行中，下一步将大力推动系统和终端对载波聚合技术的成熟商用，让速率从100M不断提升到200M、600M，进一步满足单用户的峰值速率和系统容量提升的要求，让用户从新技术中得到更好的传输速度体验。</p><p>　　此外，中国移动部署的以VOLTE为核心的“新通话”技术，能够在4G网络上实现数据与语音业务在同一网络下的统一，给用户带来拨号即通、高清语音、高清视频通话和多方通话的新体验，音质清晰延迟更短。</p><p>　　产品：发布4G新品或解决方案</p><p>　　为了支持向4G后续演进技术的过渡，日前中国移动联合产业合作伙伴发布了三类最新的4G产品或解决方案，包括与五家芯片厂商发布了50欧元的低成本5模产品方案;联合三星、HTC、酷派、高通、天语首次推出支持融合通信三新功能的6款Native终端及芯片解决方案;联合上海通用安吉星推出全球领先的4G车联网服务，包括车载4G 高速WIFI接入服务、一键导航(高清语音与数据同步)、实时导航、远程刷新、远程车辆故障诊断等。</p><p>　　4G商用一年以来，在用户数量、基站扩建、城市覆盖、产业链带动、终端销售等方面，我们都可以感受到中国移动的王者归来。进入2015年，随着FDD牌照落地，4G竞争将会更加激烈，而愈加成熟、持续快人一步的中国移动4G将还会超乎我们的想象!</p><p>&nbsp;</p><p>“未来,我们将进入一个人工智能研究及应用创新集中爆发的时代,人工智能只有在强大计算力的支持下,通过和成熟的算法、大数据相结合,才能真正做到改变世界”。童夫尧表示,联想将继续发挥自身在HPC领域的技术优势,与全球HPC客户保持高度信任关系,通过与客户、合作伙伴共同聚力,打造符合AI发展趋势和客户智能业务发展需求的HPC基础设施和业务场景。</p><p><br/></p>', 'zhangsan', '20170712173838_431.jpg', 1499852319, 1, 0),
(72, '先发一年4G网络已成熟稳定', '<p>　近期，中国联通和中国电信刚刚拿到FDD制式的4G牌照，成为了业内外人士关注的焦点。而截止2015年1月底，中国移动1.06797亿4G用户总数和70万个4G基站，也着实令人惊叹。那么问题来了，在联通和电信拉开架势大规模发展4G业务之际，已经取得用户规模和网络覆盖的双重领先的中国移动，会如何保持快人一步的优势?</p><p><br/></p><p>　　时间：先发一年4G网络已成熟稳定</p><p>　　早在2013年12月，工信部率先向三大运营商发放的是国家重点扶持的TD-LTE网络制式牌照，而中国移动作为TD-LTE产业的极大推动者，在4G商用时代伊始便获得了天时优势。如今，中国移动4G用户数占据了国内市场90%以上的份额，更是建成了全球最大的4G网络。</p><p>　　如果将运营商的4G竞争当作一场比赛，在比赛正式开始时之际，中国移动早已活动开筋骨进入状态，而对手才准备热身。不难看出，经过一年的发展，中国移动4G网络环境已愈加成熟和稳定，可以站在更高的阶梯上，将精力投入到更深更广的4G网络建设中，这也让中国移动在4G技术应用的战略决策上能快人一步。</p><p>　　技术：VoLTE、载波聚合等加速演进</p><p>　　4G元年已经过去，进入2015年的中国移动也并未满足于用户规模和网络覆盖的双重领先。</p><p>　　日前，在巴塞罗那举行的2015年GSMA世界移动通信大会上，中国移动向外界展示了其4G 演进技术的研发也在快速进行中，下一步将大力推动系统和终端对载波聚合技术的成熟商用，让速率从100M不断提升到200M、600M，进一步满足单用户的峰值速率和系统容量提升的要求，让用户从新技术中得到更好的传输速度体验。</p><p>　　此外，中国移动部署的以VOLTE为核心的“新通话”技术，能够在4G网络上实现数据与语音业务在同一网络下的统一，给用户带来拨号即通、高清语音、高清视频通话和多方通话的新体验，音质清晰延迟更短。</p><p>　　产品：发布4G新品或解决方案</p><p>　　为了支持向4G后续演进技术的过渡，日前中国移动联合产业合作伙伴发布了三类最新的4G产品或解决方案，包括与五家芯片厂商发布了50欧元的低成本5模产品方案;联合三星、HTC、酷派、高通、天语首次推出支持融合通信三新功能的6款Native终端及芯片解决方案;联合上海通用安吉星推出全球领先的4G车联网服务，包括车载4G 高速WIFI接入服务、一键导航(高清语音与数据同步)、实时导航、远程刷新、远程车辆故障诊断等。</p><p>　　4G商用一年以来，在用户数量、基站扩建、城市覆盖、产业链带动、终端销售等方面，我们都可以感受到中国移动的王者归来。进入2015年，随着FDD牌照落地，4G竞争将会更加激烈，而愈加成熟、持续快人一步的中国移动4G将还会超乎我们的想象!</p><p>&nbsp;</p><p>“未来,我们将进入一个人工智能研究及应用创新集中爆发的时代,人工智能只有在强大计算力的支持下,通过和成熟的算法、大数据相结合,才能真正做到改变世界”。童夫尧表示,联想将继续发挥自身在HPC领域的技术优势,与全球HPC客户保持高度信任关系,通过与客户、合作伙伴共同聚力,打造符合AI发展趋势和客户智能业务发展需求的HPC基础设施和业务场景。</p><p><br/></p>', 'zhangsan', '20170712174046_820.jpg', 1499852447, 1, 0),
(79, '人才团队建设上', '<p>在人才团队建设上,联想拥有一支由芮勇博士领衔的业界一流专家组成的AI研发团队。芮勇博士是2016 IEEE 计算机学会技术成就奖获得者,全球知名的AI专家,未来,他的团队将坚持以用户为中心,发展面向行业的人工智能系统。</p><p>在生态联盟方面,联想进一步加强与各领域合作伙伴的密切联系,打造HPC+AI的完整生态圈。除了在硬件层面继续加深与Intel、NVIDIA、Mellanox等厂商的合作,联想还在软件层面主动开放生态系统,吸引主流软件厂商例如Redhat加入联盟。同时,联想创投还不断发掘应用层面具有潜力的科技创新公司,投资了Face++、银河水滴科技等,以更快的速度抢占AI的制高点。另外,联想与科大讯飞、滴滴出行、今日头条等人工智能领先公司在系统与应用方面的深入紧密合作,也能帮助客户在语音、图像、视频、搜索、网络等方面取得几何数量级的应用性能提升。</p><p>深厚积淀+强劲实力 联想HPC发力本土实践与AI应用&nbsp;</p><p>作为中国起步较早的HPC厂商,联想在2001年即成立了高性能服务器事业部,开始了在HPC领域的探索。而在刚刚结束的ISC 2017上,联想以91套高性能计算系统入围全球HPC TOP500份额榜,连续三年获得中国第一,继续蝉联全球第二。</p><p>不仅是份额,联想的产品和技术也步入了世界先进行列,成为了HPC领域的佼佼者。联想的x86服务器产品的性能和品质在世界上首屈一指,物理机计算节点可靠性是竞争对手的十倍以上。值得一提的是,联想独创的45摄氏度温水水冷技术,相比传统的空气冷却,最高可降低40%的能耗,比其他厂商的水冷技术能耗也低了近20%。通过联想水冷能够使得数据中心的PUE值降低到1.1,这远低于1.8-2.0的业界平均水平,能帮助客户大大节省整体投资,提升AI计算的效能。目前,联想与全球最大的7个数据中心中的6个达成了合作,继续在HPC领域展露锋芒。上一个财年,联想以17%的增长率成为全球增速最快的HPC厂商。</p><p>与此同时,联想HPC在国内各行业的应用也逐年增加,为企业事业单位创造了丰硕的成果。在科研领域,联想为北京大学打造了中国首个45度温水水冷的超算中心,为中科院数学院提供的HPC集群计算力高达1000万亿次。在高端制造领域,联想为航天三院建设了总节点数1550个,计算能力超过600万亿次的HPC系统,为航天核心领域的研发起到了关键技术支撑。而使用了联想HPC的中石油地震资料处理系统,以120个节点满足了客户对超强计算力的需求。另外,联想是包括BAT在内的众多互联网企业的AI GPU服务器的主要供应商。在京东,联想优化GPU架构后的5000个计算节点,正在支持着其消费者购买习惯分析等算法,服务京东6000万客户。除此之外,中国三大电信运营商、中国石油、南方电网等公交能领域的巨头,以及众多大型金融机构以及中国主流互联网客户,都是联想HPC最直接的受益者。</p><p><br/></p>', 'admin', '20170713151730_933.jpg', 1499930251, 1, 1),
(80, '在其他框架中，分页通常是比较痛苦的。', '这里有几种方式来对元素进行分页。而最简单的方式就是通过使用查询构造器或者 Eloquent 查询的 paginate 方法。paginate 方法会根据当前用户所访问的当前页面来自动的设置正确的位移和显示的范围。默认的，当前页面是通过 HTTP 请求的查询字符串 ?page 来自动获取的。当然，laravel 会自动的检测到这个值，并且会自动的在生成的分页器的链接中插入合适的值。\r\n\r\n首先，让我们来看一下在查询中调用 paginate 方法。在这个例子中，你仅需要在 paginate 方法中传递每页所需要\r\n\r\n展示的数量。让我们来设置每页展示的数量为 ', '小明', '20170713151730_933.jpg', 1499930251, 1, 1),
(81, '在其他框架中，分页通常是比较痛苦的。laravel 使其变的非常简单。', '这里有几种方式来对元素进行分页。而最简单的方式就是通过使用查询构造器或者 Eloquent 查询的 paginate 方法。paginate 方法会根据当前用户所访问的当前页面来自动的设置正确的位移和显示的范围。默认的，当前页面是通过 HTTP 请求的查询字符串 ?page 来自动获取的。当然，laravel 会自动的检测到这个值，并且会自动的在生成的分页器的链接中插入合适的值。\r\n\r\n首先，让我们来看一下在查询中调用 paginate 方法。在这个例子中，你仅需要在 paginate 方法中传递每页所需要\r\n\r\n展示的数量。让我们来设置每页展示的数量为 ', '小明', '20170713151730_933.jpg', 1499930251, 1, 1),
(84, '今天天气不错，雾霾和严重', '<p>今天天气不错今天天气不错今天天气不错今天天气不错<br/></p><h1><br/></h1><p>呵呵呵呵呵呵</p><p>呵呵呵呵呵呵呵呵呵</p><p>呵呵呵呵呵呵呵呵呵</p><p>呵呵呵呵呵呵</p>', 'luna666263', '09dfe3423a2986ee9054bfeb00184ef1.jpg', 1582185663, 5, 1),
(87, '这个会上，习近平提出这些“决胜指引”', '<p>【<a href=\"http://www.news.cn/politics/xxjxs/\" target=\"_blank\">学习进行时</a>】统筹推进新冠肺炎疫情防控和经济社会发展工作部署会议23日在北京召开。中共中央总书记、国家主席、中央军委主席习近平出席会议并发表重要讲话。这篇重要讲话，习近平总书记提出一系列重要论断，是我们战胜疫情的关键指引，新华社《学习进行时》为您梳理。</p><p><br/></p><p><br/></p><p><br/></p><p>　　1.打胜仗首先要有正确战略策略。</p><p><br/></p><p><br/></p><p><br/></p><p>　　2.该出手时必须出手，否则当断不断、反受其乱。</p><p><br/></p><p><br/></p><p><br/></p><p>　　3.打疫情防控阻击战，实际上也是打后勤保障战。</p><p><br/></p><p><br/></p><p><br/></p><p>　　4.这次新冠肺炎疫情，是新中国成立以来在我国发生的传播速度最快、感染范围最广、防控难度最大的一次重大突发公共卫生事件。对我们来说，这是一次危机，也是一次大考。</p><p><br/></p><p><br/></p><p><br/></p><p>　　5.我们必须清醒看到，当前疫情形势依然严峻复杂，防控正处在最吃劲的关键阶段。</p><p><br/></p><p><br/></p><p><br/></p><p>　　6.这个时候，必须高度警惕麻痹思想、厌战情绪、侥幸心理、松劲心态，否则将带来严重后果，甚至前功尽弃。</p><p><br/></p><p><br/></p><p><br/></p><p>　　7.武汉胜则湖北胜，湖北胜则全国胜。</p><p><br/></p><p><br/></p><p><br/></p><p>　　8.首都安全稳定直接关系党和国家工作大局。</p><p><br/></p>', 'luna666263', '0d89988686c83d90dd2239e4a26048ad.jpg', 1582681321, 2, 1),
(88, '武汉志愿者：街头战“疫”，作驰援一线的“护航员”', '<p>　　踏上征途，让路痴的我知道了武汉所有行政区；我们每天奔波于武汉各个医院，街道社区、警务、消防、部队、医护指定酒店、医护人员的家之间。</p><p >　　有的司机怕感染家人不敢回家，车就成了暂时的家；对于我们这群逆行者而言，武汉不按下播放键，我们车队就不踩刹车。</p><p><br/></p>', 'luna666263', 'de78bd7e4c5103ae6186319185a29b5f.jpg', 1582681723, 1, 1),
(89, 'hello,你好，这是我的第一个blog', '<p>测试文字测试文字测试文字测试文字测试文字测试文字测试文字测试文字测试文字</p>', 'qiu977', 'd87ca0c588adfd3b7915f7a6e7b7f7d5.jpg', 1582891520, 3, 1),
(91, 'Python 动态变量名定义与调用', '<p>动态变量名赋值</p><p>在使用 tkinter 时需要动态生成变量，如动态生成 var1...var10 变量。</p><p><br/></p><p>使用 exec 动态赋值</p><p><br/></p><p>exec 在 python3 中是内置函数，它支持 python 代码的动态执行。</p><p><br/></p><p>使用 exec 动态赋值</p><p><br/></p><p>exec 在 python3 中是内置函数，它支持 python 代码的动态执行。</p><p>动态变量名赋值</p><p>在使用 tkinter 时需要动态生成变量，如动态生成 var1...var10 变量。</p><p><br/></p><p>使用 exec 动态赋值</p><p><br/></p><p>exec 在 python3 中是内置函数，它支持 python 代码的动态执行。</p><p><br/></p><p>使用 exec 动态赋值</p><p><br/></p><p>exec 在 python3 中是内置函数，它支持 python 代码的动态执行。</p><p>动态变量名赋值</p><p>在使用 tkinter 时需要动态生成变量，如动态生成 var1...var10 变量。</p><p><br/></p><p>使用 exec 动态赋值</p><p><br/></p><p>exec 在 python3 中是内置函数，它支持 python 代码的动态执行。</p><p><br/></p><p>使用 exec 动态赋值</p><p><br/></p><p>exec 在 python3 中是内置函数，它支持 python 代码的动态执行。</p><p><br/></p>', 'zhaoliu', '349357b231dbcb9176a0adffbff5c8f1.png', 1583048274, 5, 1),
(92, '我是张三，我的blog', '<p>我是张三，我的blog我是张三，我的blog我是张三，我的blog我是张三，我的blog我是张三，我的blog我是张三，我的blog我是张三，我的blog我是张三，我的blog我是张三，我的blog我是张三，我的blog</p>', 'zhangsan', '14a824e08453149fcf13f3ebdc19a25c.jpg', 1583050156, 6, 0);

-- --------------------------------------------------------

--
-- 表的结构 `category`
--

CREATE TABLE `category` (
  `id` tinyint(4) NOT NULL,
  `catename` varchar(20) NOT NULL
) ENGINE=InnoDB DEFAULT CHARSET=utf8;

--
-- 转存表中的数据 `category`
--

INSERT INTO `category` (`id`, `catename`) VALUES
(1, '程序'),
(2, '青春'),
(3, '校园'),
(4, 'DIY'),
(5, '动漫'),
(6, '励志');

-- --------------------------------------------------------

--
-- 表的结构 `comment`
--

CREATE TABLE `comment` (
  `id` int(11) NOT NULL,
  `blogid` int(11) NOT NULL,
  `ccontent` varchar(200) NOT NULL,
  `cuserid` int(11) NOT NULL,
  `commentstatus` tinyint(4) NOT NULL DEFAULT 1
) ENGINE=InnoDB DEFAULT CHARSET=utf8;

--
-- 转存表中的数据 `comment`
--

INSERT INTO `comment` (`id`, `blogid`, `ccontent`, `cuserid`, `commentstatus`) VALUES
(1, 80, '真是不错，内容有趣', 11, 1),
(2, 80, '文章挺好，要是自己写的就更好了！！', 11, 1),
(7, 70, '顶顶顶顶', 46, 0),
(8, 70, '我们针对中小学教育家庭用户，将推出‘金榜题名’教育电脑战略。', 46, 1),
(9, 70, '同意楼上看法  点赞', 46, 1),
(10, 68, '文章不怎么样文章不怎么样文章不怎么样文章不怎么样', 49, 1),
(11, 89, '你好不错你好不错你好不错你好不错你好不错', 46, 1);

-- --------------------------------------------------------

--
-- 表的结构 `hot`
--

CREATE TABLE `hot` (
  `hotid` int(11) NOT NULL,
  `userid` int(11) NOT NULL,
  `inforid` int(11) NOT NULL
) ENGINE=MyISAM DEFAULT CHARSET=utf8;

--
-- 转存表中的数据 `hot`
--

INSERT INTO `hot` (`hotid`, `userid`, `inforid`) VALUES
(64, 46, 72),
(65, 46, 70),
(66, 46, 83),
(67, 45, 87),
(68, 49, 68),
(69, 46, 89),
(70, 48, 83),
(71, 49, 83),
(63, 45, 72),
(62, 45, 64),
(61, 45, 62),
(60, 45, 84),
(58, 46, 60),
(59, 45, 60);

-- --------------------------------------------------------

--
-- 表的结构 `user`
--

CREATE TABLE `user` (
  `userid` int(11) NOT NULL,
  `username` varchar(50) NOT NULL,
  `userpsw` varchar(50) NOT NULL,
  `useremail` varchar(100) NOT NULL,
  `activecode` varchar(40) NOT NULL,
  `activestatus` tinyint(4) NOT NULL DEFAULT 0
) ENGINE=InnoDB DEFAULT CHARSET=utf8;

--
-- 转存表中的数据 `user`
--

INSERT INTO `user` (`userid`, `username`, `userpsw`, `useremail`, `activecode`, `activestatus`) VALUES
(45, 'luna666263', '43a3e0519eafc3c36672e85089b7434f', 'luna666263@sina.com', '80082ade64b01197cca8376811426b1f', 1),
(46, 'qiu977', '26db491d6ae65d3603a352acc6de794a', 'qiu977@163.com', '6375f34725de10852675ac6ee7dc9e40', 1),
(47, 'qiuyu', 'c798525fb9e0ed26bb4b64055080ae31', '2236718324@qq.com', '7d14624e88e0741324544af5c5dcd9b0', 0),
(48, 'zhangsan', '01d7f40760960e7bd9443513f22ab9af', 'zhangsan@qq.com', 'asdfasdf', 1),
(49, 'wangwu', '9f001e4166cf26bfbdd3b4f67d9ef617', 'wangwu@qq.com', 'asdfasdf', 1),
(50, 'zhaoliu', '27311020efc4ce2806feca0aab933fbd', 'zhaoliu@qq.com', 'asdfasdfasdf', 1);

--
-- 转储表的索引
--

--
-- 表的索引 `bcontent`
--
ALTER TABLE `bcontent`
  ADD PRIMARY KEY (`id`);

--
-- 表的索引 `category`
--
ALTER TABLE `category`
  ADD PRIMARY KEY (`id`);

--
-- 表的索引 `comment`
--
ALTER TABLE `comment`
  ADD PRIMARY KEY (`id`);

--
-- 表的索引 `hot`
--
ALTER TABLE `hot`
  ADD PRIMARY KEY (`hotid`);

--
-- 表的索引 `user`
--
ALTER TABLE `user`
  ADD PRIMARY KEY (`userid`);

--
-- 在导出的表使用AUTO_INCREMENT
--

--
-- 使用表AUTO_INCREMENT `bcontent`
--
ALTER TABLE `bcontent`
  MODIFY `id` int(10) UNSIGNED NOT NULL AUTO_INCREMENT, AUTO_INCREMENT=93;

--
-- 使用表AUTO_INCREMENT `category`
--
ALTER TABLE `category`
  MODIFY `id` tinyint(4) NOT NULL AUTO_INCREMENT, AUTO_INCREMENT=7;

--
-- 使用表AUTO_INCREMENT `comment`
--
ALTER TABLE `comment`
  MODIFY `id` int(11) NOT NULL AUTO_INCREMENT, AUTO_INCREMENT=12;

--
-- 使用表AUTO_INCREMENT `hot`
--
ALTER TABLE `hot`
  MODIFY `hotid` int(11) NOT NULL AUTO_INCREMENT, AUTO_INCREMENT=72;

--
-- 使用表AUTO_INCREMENT `user`
--
ALTER TABLE `user`
  MODIFY `userid` int(11) NOT NULL AUTO_INCREMENT, AUTO_INCREMENT=51;
COMMIT;

/*!40101 SET CHARACTER_SET_CLIENT=@OLD_CHARACTER_SET_CLIENT */;
/*!40101 SET CHARACTER_SET_RESULTS=@OLD_CHARACTER_SET_RESULTS */;
/*!40101 SET COLLATION_CONNECTION=@OLD_COLLATION_CONNECTION */;
